{"cameraMode":{"drawMode":0,"name":"Shaded","section":"Shading Mode"},"sceneLighting":true,"audioPlay":false,"sceneViewState":{"m_AlwaysRefresh":false,"showFog":true,"showSkybox":true,"showFlares":true,"showImageEffects":true,"showParticleSystems":true,"showVisualEffectGraphs":true,"m_FxEnabled":true},"in2DMode":false,"pivot":{"x":-4.907301425933838,"y":-15.393291473388672,"z":55.82660675048828},"rotation":{"x":-0.14382599294185639,"y":0.011031445115804673,"z":-0.0013039520708844066,"w":-0.9896933436393738},"size":30.205303192138673,"orthographic":false}